"File","SHA256"
".gitattributes","3FD28A843A3B089AC9A5638754385CFA4BA2848B7D6EFA7D03E06E021AB0ECB0"
".gitignore","3DD7FB49E807F985B1E40993E2CDE7EAB7B82D6A01DF46D264CF77A58A1D7C56"
"CMakeLists.txt","85FE1C407A01611D512A33C4A1279B6AEE47BD902B130D9DD238CD7748C588B8"
"CMakePresets.json","FA8613B87DAC4B5CDD843010A3B5782E67B7B296C9230894B7E384E8E23429D6"
"decr.c","445DE66D4D17942B16F7FD0614F5B8D69E78A2A88EB226FBC559B1D00B5F7C08"
"EXPORT-NOTES.txt","11B0126B21D27398A039F6DB8200FA2887144D209D621C7A65CD1E44F6125326"
"gost.c","71AAC33E36EE9261FF3D5FC9B7FBD2F75F6565A40A5E4AFD7768242DD519C0B6"
"README.md","D979C6C8ADC6158B0D49827C94B42D7DB61F5514AD7D05CAAFFF419136A08E01"
".github\workflows\linux-checks.yml","EA93C94A1BD8C489E44A52F23073DEC81F1BAA6120023B56337E5607B46525DC"
"admin\CMakeLists.txt","67F0C8AFFA2449001164DF6A9E6321961002C01D21C9F3DB74638B453A59FF3C"
"admin\src\admin_client.cpp","C9F53B13605C89D752ACC58C12BEFF01355C1ACB8345729E49B4095A4E473902"
"admin\src\admin_client.h","F22B47ACDA5A660A98CA34E27CD3B00BAAD475947783F49900F80A12C0A387E0"
"admin\src\admin_window.cpp","36E16AF9C9C07A04D614F2A87A597A7C72724B246E750BEDED5673AFB485D091"
"admin\src\admin_window.h","15465130F488C7379963D2E69F2BA7D833F78338E6DEDFF6540BCE9AC1A5DD2C"
"admin\src\main.cpp","AB6A961097648B7F03DD5A88606B7B0D2FA960002811129B590AF9A55CCC7527"
"admin\src\network_dialog.cpp","5F86AB1E3EE266EB30364AF826ADACD58DF4C721658B77BA12F4253AA7E3766A"
"admin\src\network_dialog.h","330FBD6EA376EA9A7FBB8D0F4A280CBBD37261F9C1B542EE5FE6E290493EC012"
"admin\src\wifi_connect_dialog.cpp","8C0C00BBCCA15F4CE732DA3F498433145C23149E8E5A1DC60098E7498A6B3396"
"admin\src\wifi_connect_dialog.h","92F95779359FE6510ACEB4F5F54A04CB2D9EFCAAEC09AED44C530140AC4939F7"
"admin\tests\network_dialog_checks.cpp","40E7D2159E06C0F7273AACFC26C158C275CEE326FC39499A1BA8FA30DAE0D649"
"admin\tests\network_live_check.cpp","D4EAC5C0B297743961643DDB9105A576D3FCD80987FF5CB71033A06B7265E1C5"
"admin\tests\wifi_connect_dialog_checks.cpp","CCF8045B5036EF2193DB46E9BB70FE70F82CD92C11A4CCEE17F89431A23E7862"
"client\CMakeLists.txt","3E843478F159521811083BB95DC37B110A40A5520B9B81DE501D3FA6669C7F71"
"client\resources.qrc","5C69280523149393C714F08E7AABC9AB8B39DE5EF91562CD232FB1FFC5FFC7D7"
"client\SECURITY_NOTES.md","8259E1971A400EDA888F624C66FCBE537E67BE79559BA7E18A0E32811C965968"
"client\assets\app_icon.svg","32CF27DD4BBAF6421F4E63ACCDE0FD699CDD74C8140A61CF0E43BEC5768E9AF3"
"client\assets\checkmark.svg","DC30C2273CBB8218194D8976F7C4A4E5830949B5FB131ECC2DB865E5C5ECC197"
"client\src\cli_main.cpp","F9F6C39549C383159BC8D5B0317839D5E050C613B0F4688478BDA69EB6AE8339"
"client\src\client_core.cpp","8C705C44925D3B82E39D882AB6684C6309D11C506E4EF97B3457607AC2DE5AB4"
"client\src\client_core.h","04017366BA88BFFE0F6E19BE403A3403D2DF524561E98FCBBF0EB40DD6AA52DE"
"client\src\login_dialog.cpp","B5293F16FF6C9AA6DDDDBC6600D828314387FE95B7A8F2C7FBC938041A4F7867"
"client\src\login_dialog.h","8C89CB93D74FD701BA6CA4DB5A052D87DF95E7001E2BA3C216726C459E17DD73"
"client\src\main_window.cpp","6C0B9DA4A3D4CC955001F366DE0067DA6BD728F618EA2AED21109196B32898EE"
"client\src\main_window.h","72FE0D961CF9539DF49188127BA17C454AA8CA444339CE5848D61B2A7BB33BEC"
"client\src\main.cpp","663B58F7F89EB4F8D53B27CF6C9707D05E935D2B248F7F729DB64356A753624E"
"client\src\secure_guards.cpp","F4B1BF49FBFFAE8DF4BBEABFC2485AF0E4F1E97DE60D2C382371D85FB4329608"
"client\src\secure_guards.h","59062B8F207C86AD83EE44F8213D2EFBA7D1B9AD15707E09E7A97405F1FA50DD"
"client\tests\ui_checks.cpp","856B8E8FD1C87E0A3CC1AA585A4FC96554018D10852CB2B516BD5333832E223A"
"cmake\DeployQt.cmake","381AD4B68873B387801A5F7A7C9D4713D50A596BD970D8BF1B2F70340C837FFC"
"cmake\ExportCleanSource.ps1","B5CE00C614CC2C8077C3324A611076F3307C055C82A94CA7C1BF7C7B9EA165A4"
"cmake\InstallRuntimeDeps.cmake","1FB3C20B8AF9EA60E7250E05A61B10820A36E850F2E7610BCE952E75FE112E30"
"cmake\PackagePortable.ps1","1006AECD91CF07BED3EB99C93EE1515D3444CEE47DD8FEF5CCC1168EC8487AD3"
"cmake\Packaging.cmake","2CE1620C5EF87EDF8C139A07639D64F4B97B634C4CA540156ED4E3D1FDC200A7"
"common\CMakeLists.txt","05E8D31A01BA4F56A064C0FAA71E8A2C1E4ABCB1EB902B59EAEB46A3A8927402"
"common\gui_theme.h","79CC9399AB9AED5CB339B595AAB16D2B566688304FE41592752B61F504CCC03A"
"common\include\encoder\auth.h","0E6A17EC077BBF67EFDD9F4B6F37E09561FCF4067F8482C4D5EC9E95D0D62E0C"
"common\include\encoder\base64.h","7313E21A77143A74CB12B507891803B092727234F5A03DA83C8B733F9D6505C2"
"common\include\encoder\bytes.h","1F8D29F0AC167D2330826452C85D69768746C1BC8897711F13E3ABA7B883826E"
"common\include\encoder\config.h","C88BE4708F0C8166EA8D575E440E3C78C3D205FD16434CF07E2A7EDBFF5C4118"
"common\include\encoder\crypto.h","F6E0B07814021CC0E197FE5C4C3BF4EC7C4BF8A4FC16C5480D14878142A3A961"
"common\include\encoder\gost_cli.h","5140A6AABEC03EACBCF3B0526CFCB9825F0931A110DD6651DEF671933099C2C0"
"common\include\encoder\gost_native.h","5B3983CA62769553B6689E89E47783066DBBD5FF21CB6D8483E68A19C9E639A4"
"common\include\encoder\net.h","43FF4E462DD889B1DDA9AA327858BA7169E862CE07A9B03C4BCBB21158F3EDAA"
"common\include\encoder\protocol.h","0D487C6860C7BF4422EE91DDB59245928AA17AEE069379406160801AFC5D173F"
"common\include\encoder\secure_memory.h","7F4BB910719398232144D910A8DAD97DC72B66C894907C500F1FE36030E798DA"
"common\include\encoder\tls.h","97CB31E5CF1826219CE34D78A69B8E62292DE97383FE150ACD5ECE3F3F90BECA"
"common\include\encoder\wifi_change.h","087B23127C0DC53622B02BA00F203E5BA5F0FB87B7B024618D752AB4F902012C"
"common\include\encoder\wifi_config_draft.h","A61CE4B6C544C116BC33FF92E43D3E9242D51D7D389090E33B3C5F7E6F51D6EC"
"common\include\encoder\wifi_link_probe.h","F55C4D9CAAF099250A4FBD11C96EC8BD605DB233C061FA5C2B1431AECEE4AA76"
"common\include\encoder\wifi_profile.h","1D36C7A0413A3E7C06636A4BF335F824E773D8E4D9E03F18D1261FB915CE2C2E"
"common\include\encoder\wifi_rpc.h","8CA7144EC47009A6ACE808C871232EAD4746EDB9C3E6A61915E332947482FCC2"
"common\include\encoder\wifi_session.h","E0D7C48FCD379569444C8E008867F9B4B80F31AF3807693CFA485D2E52564F65"
"common\src\auth.cpp","BA81E0C6F7241BD695EA6CE8D17E65208D68082029267BBFD7C3C50747FA358C"
"common\src\base64.cpp","96CEFB7459C81D520EBA2A64BA6CEE19789003DF760C942FABACC7C5A2E2B687"
"common\src\bytes.cpp","BBEB9E7CEFCFCC91C51CCB803D83EE2FFD3B674F14D084AAF80C3DACA4618046"
"common\src\config.cpp","936502D9164AEBA4069CA734B6B8EA9F76C838CBC58A1AEBB523DB8E39D2287C"
"common\src\crypto.cpp","FDC2D21807A21A3A4D73449773C3B93D82568A07CC01B996D6AB5DB9DB398EDA"
"common\src\gost_cli.cpp","772E2E925BCE2805EB459D1DB8CF4C08DA0825B0023F798C86C237D1A1DE6990"
"common\src\gost_native.cpp","01B8764EE5C9B359EE71CE6E00EC92C92E39ECDD40AC6999D0FE11AD8C60CA7D"
"common\src\net.cpp","36EF44347A7996D6251A3AF3B1C9F94A346F53A8129FA2EEBC8EB2C61B161893"
"common\src\protocol.cpp","E975FBD41325DC6508CA82DA9F365CF7EA6F074C04947C668999111D91F5A063"
"common\src\secure_memory.cpp","83B59C8D9358989409520F319BE1B6C7546FFC3035E2127D9F8D8085BA659233"
"common\src\tls.cpp","D3FC263C2A3AC1018B8EB9AED58EE714A3ACA690E6768C3D12F17F6ABA3AF144"
"common\src\wifi_change.cpp","6DA4D20658341505EA8F6321C3F90D9E22DC0AC53A7F348066E1E7D9AE6E9A80"
"common\src\wifi_config_draft.cpp","E1BAD9546C4155D819F0283A50928D4BCCC772C27B67B09570E52AECC7691D62"
"common\src\wifi_link_probe.cpp","983848FE7100ABE4E151F8417481A6805E52855431A0684453BF0CBB77E63603"
"common\src\wifi_profile.cpp","062D333D66E8FC11E37B03D0A8C7874B77CE841698B0569CED3CFD01BB7CF673"
"common\src\wifi_rpc.cpp","17B7351D71C7AD8835D335567AE1CF7A5C387C3F4BD681C891A62E35B8C500E6"
"common\src\wifi_session.cpp","F449D71E6576E1658FF0C47BBDE139036289B87229D68557A0AD7701B0A8F4E0"
"common\tests\gost_native_checks.cpp","732EC85BC996240A8C6ACE214B8380CE396E91C5232BEFA9CADAC91F65969CD5"
"common\tests\net_checks.cpp","FADDC1EE556CA2519B2891F711DB2151B2AB86982D8D60B6AFA2BB6ED88A211F"
"common\tests\unicode_file_checks.cpp","A01F67E34704228509B05FE1F4B033E41D5AF201ADAF6C3884104F6DEFDB0D9B"
"common\tests\wifi_change_checks.cpp","2F73429D5957F1F904090DE1A606A4F74C7EA9C62033F382DDEAD3F466986A64"
"common\tests\wifi_config_checks.cpp","FAFAF23311F8F3CBEDC8A2C20C82B722FC1B96FC81EF892FA504089D2817E64A"
"common\tests\wifi_config_yaml_check.py","66097762AD2CFA26FA36C8022B70EEEC682298C05BDCE4D8E6D0A4D16DF833F4"
"common\tests\wifi_link_checks.cpp","DB8B44566F9BB7745F5B05CECC3AC7BE0611139A470CBD77843C03F81DB92E4A"
"common\tests\wifi_rpc_checks.cpp","CA84E78BC53BCFF21CC26194F6199AE9615F3EA8AB34FA233C7A203A0B1A6F84"
"common\tests\wifi_session_checks.cpp","8BF7238A385989D3BC17325A03F86D8DC97F17B296A80D6CBE706B7914930E98"
"config\admin.conf","5D1C509228B21FFC5BA405DBB46008149F8D785D3A96808D30D9A57B1E85647B"
"config\client.conf","FEEE2F0377D595EE8E734C3D1D0237BDF3D63EA52345E608411253225F2EF3F2"
"config\client.conf.in","FEEE2F0377D595EE8E734C3D1D0237BDF3D63EA52345E608411253225F2EF3F2"
"config\server.conf","F5C8A35A992B0E597B29D99FF035ADB99E4F2B5BBCFA683CFE1F29104D7B3D17"
"deploy\encoder-server.service","629DE7EB4416FEF4F9135AE87D8C3ABFE020DBEBC0B841E69EA21580B81B39AA"
"deploy\encoder-wifi-collector.service","5F09D93DDACA0F5397304C14B81859118B249D00A7C6156C510CE9FE135F7043"
"deploy\encoder-wifi-collector.timer","DCFA035178F55F3F47422A5DDB5077B9726F9FAAB5E6B1055FCB786E034010DA"
"deploy\encoder-wifi-scan.socket","83EC497AF90D028667EB608A9BCE96D6A14BA961304E6947FFFB2ADD1BDF5781"
"deploy\encoder-wifi-scan@.service","CC1C7703C81FFDA03B65534DF272A2560988F808DA04612B49E09E2BCDBB90AD"
"deploy\MIGRATION-CHECKLIST.md","9F2CC39013C5020E28764278FC6D4FB7014634CCC5DDC9A5F361C31D4000C77C"
"deploy\PrepareServerBundle.ps1","63A83278BB98155E0FCDBF0B3DE680D74C56934DA0C64FA8A68D3F1ACEFEC2C8"
"deploy\server.conf.example","F5C8A35A992B0E597B29D99FF035ADB99E4F2B5BBCFA683CFE1F29104D7B3D17"
"deploy\stage_server.py","003055152C881944D326A523DF4A0FF531611430E66F75795C8012CA3F0CEB3C"
"deploy\experimental\encoder-wifi-change.service","BD2C53835F33EEDCE535F2AA445E4BD907D70B17B73C1E431451D99BD37A3720"
"deploy\experimental\encoder-wifi-change.socket","92FDFF7183CABDA8450E36EF49A4DF828A07823F4FA9634FFBD680BB18ECB209"
"deploy\experimental\encoder-wifi-recovery.service","FAFAB56A92E7DA5D0900EA06C0C8ECC97DD7FC939F7203D6BBE77D7D1842EE83"
"deploy\experimental\README.md","4F15B56F98673FA0D0398354BF1FA05F78ED9A70B80FE0A8005A8401D5A48174"
"deploy\experimental\WIFI-API.md","94E9F05718915E1957F7B2B16554B7406101D4E37DA389909958B8A6E5B4EC98"
"deploy\experimental\netplan-wpa-wlan0.service.d\90-encoder-policy.conf","88569F8603C6D99C07D4CE40237B1348B22EE2442E7784BD95E94AAA6B43D295"
"docs\BUILD_RELEASE.md","25EE3405FC323C09B3166CC5D980FA7204E5780EE6282838CAAF2C6B9C1D7E10"
"docs\CONNECTION.md","6D37A133A1CE5B0D8C38866D6D4906E15B07B62DD11C157459E88D3ECA242D18"
"docs\GOST_NATIVE.md","167B5B0C545F52D796BF838BF32A283400B77F6EB3E2EA631AA6E9DD7B2E0ABE"
"docs\LEGACY_GOST_RECOVERY.md","6F2BBDAAD1E393247AD46E2C8CBF3D8A274383F448DF5B60F26F7653A7F3C310"
"docs\NETWORK.md","12C2A866555F4BCDDC230FC8CA66CF11365F04A958F180A64E6E7D115CB92529"
"docs\PORTABLE.md","BA67FF0A1B65E56B235AF728142C0ECB001CCD0715D55FD8688D56ED66010269"
"docs\RELEASE_NETWORK.md","12C2A866555F4BCDDC230FC8CA66CF11365F04A958F180A64E6E7D115CB92529"
"docs\RELEASE_README.md","D979C6C8ADC6158B0D49827C94B42D7DB61F5514AD7D05CAAFFF419136A08E01"
"docs\RELEASE_SERVER.md","FAD9C1384D960F26BE964FC4801937B5F4AE3D196ADBEC1BD11F9B598CCBECC8"
"docs\RELEASE_STATUS.md","0686A91C60E88A0464083DCA36BD7283A6F59815E375B3A7A963D23089004F1D"
"docs\SERVER_DEPLOYMENT.md","FAD9C1384D960F26BE964FC4801937B5F4AE3D196ADBEC1BD11F9B598CCBECC8"
"docs\USERS.md","FABD56667A81B6A1DD75578DEEF28988D9DACEE60FC983AC98DF3429381CFC09"
"docs\WIFI_CONNECTION.md","0B8C21F0078457D92C345D716F3C4321467D104125427A7D6A3438B061AA13B7"
"docs\windows_installer.md","91F8E886605299CEA1C7949A1415D03B7301B28BBFB1C03CD0C91F270467E200"
"server\CMakeLists.txt","6E812B54D5C4F0C8E540E1B69B28B1600578B74840A1AD932396A4F190D839B5"
"server\src\admin_server.cpp","D3B4318DC0CE57CF73C332855FCCD6C1609F34DDAA98E5C9455E2609D5C56810"
"server\src\admin_server.h","A1E8DC5C1445FCF2C17F12648B571A9522C23E3910B87C2EE58EF5A7D1E698D7"
"server\src\audit.cpp","62250EAF67E1232D363B7534F18773930D92F17724EFB421DF1A5B2B1B9BCA56"
"server\src\audit.h","DEB0E97D8CD1A13473CB487C8242F9BF30BC487085C9ADB9232996E69CDC7056"
"server\src\main.cpp","1F87DED6BB2DCBAEF65420E24E9BC0A91FC22194BDC72AA84F0A84DEA1B2B89F"
"server\src\monitor.cpp","D3E864FC663DCCA33AB3FE8F7C859A38A6FB18AC6F273E098BBCC898C1E83B70"
"server\src\monitor.h","BD03740F41F93FB07699472D6022BF0505E4C688A51C984F9FCBA04C17851C1C"
"server\src\netplan_files.cpp","0831A4EF01FC6D64CC1E9C78A17567C085C1C4CB7697CCFBEDE558403A7D1728"
"server\src\netplan_files.h","877D203074AFF06CBF072381C6FEC5EDF2756699E376412CA0172487E6E91EFF"
"server\src\network_status.cpp","63EFCAF31B105C76527A93B2CB2F317BDAA34291739BFBB4DC305D349F4B8C86"
"server\src\network_status.h","14BF2DCF6D9F0E3D21195B38268FE1A0214FF14FEA8ABF8A352DD34204696CE9"
"server\src\scan_helper.cpp","141E70EFE3C67BC1234F99F9A7038F9733C401E550A64D9E40318DCE8D190C2B"
"server\src\scan_ipc.cpp","D282C38AC7F5C4B27929A539BE1F2C8FD7F9AFE1BDAB36708D622D3684F35D62"
"server\src\scan_ipc.h","4CECDBEAB7F9C8BAAB717699695EE155861FEEC66C9AF9154189E9470625F297"
"server\src\scan_limit.cpp","00914A84E1FAA6EB5E980D8073D1EAE1A8A48E2EAD3BD6E0251D223C264790D7"
"server\src\scan_limit.h","8A690F603E3D44C01B4729F026C787438D3BF3F2B0C01316BC249ABDE567C356"
"server\src\scan_session.cpp","9E20093192C33B4FAA8069266E8D374F6DEAE366266ED7B0BB256F9EC835D879"
"server\src\snapshot_publish.cpp","F01D963B9A0FA43A6E7020AA35EEB36A4FA46ECF2027D0D4E613DE5B56D45B17"
"server\src\snapshot_publish.h","4EFF1EC792852863846589C57B2F4F4BB093CE3214F1FF586D28426A0335E04C"
"server\src\wifi_change_helper.cpp","AEE531801522EBFBEB44935798CF8C11C67A6967F935D6DCFC93794963D4D2AA"
"server\src\wifi_change_ipc.cpp","1FE7EE2832134BF3718D28546BD963D1EF17397DF971A6974F9C8AA601D19A10"
"server\src\wifi_change_ipc.h","C4EBABEBC19B8B2A81DEE9BCA0DE1D2EA97FAE98C1ECB40DF1D4A6D6D28F8EAA"
"server\src\wifi_collector.cpp","43EF43AAFD45E398768C2E498DA08B59E30C8357D3245AD2139295A510DA5675"
"server\src\wifi_control.cpp","335C2CC3991D73803A2069CCDB3D90E64D9D8492A27ACA3AE1C11D4925960687"
"server\src\wifi_journal.cpp","FECDCDDF38D329B4D1A7C1ADF2699DF7203F1D8865432E989F7C70867CCE089E"
"server\src\wifi_journal.h","1A76DFECAFE66F0424A5F754D632ED7AF6C2BD7E6F29A2FFCAA5D89FE3F1A3C5"
"server\src\wifi_linux_platform.cpp","8BC9F4E8D819D095769F69FBB33507DA490734DB002D0B86ED540C2BFDDCB5C5"
"server\src\wifi_linux_platform.h","ADE2A3654BD629B57F7554A696C8427C1E28C2A4AD438AA7528DF3F5BEA9371C"
"server\src\wifi_managed_backend.cpp","9B8C7E73EA48BCA04E09F3E439B418F31D3407D031EF3D01DF3DF1404B244B27"
"server\src\wifi_managed_backend.h","AF1C07EEC49A4DC845DA7C3C7C21E648887EF886A50636C41782FDAE639DEE7F"
"server\src\wifi_netplan_preflight.cpp","D841A378CF0A86B4D7C97A5D0F8D32CB165150D6218E51370CE922DAE5487B5F"
"server\src\wifi_netplan_preflight.h","F7ACEDC2CABEB033CC52AA0482C6B22A6E9BDFD7658E4F51685ADBD5A921FB11"
"server\src\wifi_policy_guard.cpp","9B4C7D7067B0DDB8C5F5225B0316E7326A109248BEDC07B078F336327AFD266C"
"server\src\wifi_policy_template.h.in","B53C5B17342850A35CF814E3893705A0FBF017F788BA6F067042B81085F44BE3"
"server\src\wifi_process.cpp","FB81231F77C4874A1ECD68235E3508ECC331A1F3BE95F6101E08609A1A8663E4"
"server\src\wifi_process.h","00E80AD93EE4C24E7FB6278047C01F5A025280AE9FEB0F4674C141DAB912AF43"
"server\src\wifi_recovery_supervisor.cpp","4A910A7729989F07DD42FB0C74326351225F9EE93C122482869E9290A5129D93"
"server\src\wifi_recovery_supervisor.h","E59ABB2B0030893B4CB3B6233A1C6D88EDFBB8B29A7EE2D87CB5A7A3FC666284"
"server\src\wifi_recovery_worker.cpp","F79D13A5B5D87B773F7F0DB604E30BA07D11B63DEF5A2B711B588E4E8C1D0CEE"
"server\src\wifi_recovery_worker.h","7B7FF6465F4E0BC8E3BB76B2AE1E1239B54ED70907A5471D849721181616A1C2"
"server\src\wifi_runtime_policy.cpp","08BB32E183B0F951A37BB550B6F3378E9B1E3CF0E179753E430FD932CD53FE68"
"server\src\wifi_runtime_policy.h","8F2A565A1CBFB2F71073C794D35F9DDBE35550953DB40168A3AAB13C4D54931D"
"server\src\wifi_supervisor_main.cpp","6A65CEAE8F8244D62B0026D5CB85E62C9AE8BD163E8F5EBFBD452F1E56D6D548"
"server\src\wifi_target_probe.cpp","83107BEC183D1E3492DE273548F948F9D7C1A4054399C0E3DD793FBF9A8BA826"
"server\src\wifi_target_probe.h","B388B762AB14CE853143EE42F42A8DB4A4E671A4C4498460BAC7F0A2639491BC"
"server\tests\admin_protocol.py","D604D705D92F8EC70ABD9DB59BF682B3BB44ED95C88B0E3C8140EAC66B79B751"
"server\tests\check_live_scan.py","955463B6BCA8B562AC57AA14D30A25A4FE811A2DEA3FC0D638CBBE7C02E2F896"
"server\tests\check_scan_activation.py","4D359E3F1C2345A5E902BD27E70733652A6FC6F53CB60FE348F26C589D160997"
"server\tests\legacy_gost_check.py","0F21933CF61E7EB008CF630596BCDA4C9528531D073CF1EB4EEAD1ED3BD5F49D"
"server\tests\legacy_gost_recovery_check.py","E868A514030CF07EFCECA00A4E21ED6152BDE7C2D5B6916511D71886A1DF1C75"
"server\tests\netplan_files_checks.cpp","DD70CD488017E5930E28BABF5E6053282FAC2436DAE83D213C488ADB8FC61EA1"
"server\tests\netplan_generate_check.py","FEA043EA51B3A67A947E6B84CA76DC4DC722B1AEA1E4D69899902AEBACB83807"
"server\tests\netplan_preflight_checks.py","6929A9C7424D8393AC91D373092BDBB695721AC479136BC21C9B5AA3B1EB5B08"
"server\tests\network_snapshot_checks.cpp","FC8ECE4D1B3961A98CE4E788991E7B93AB01E8FA44CC488675C0EE4F96C0089B"
"server\tests\read_live_snapshot.cpp","12621B42D4CD4C40291FE52586E4AB46BAF58B2BA0828165671DFF8AD64AC494"
"server\tests\scan_flow_checks.cpp","EB6686BF11EF552DB7CB89E108153674BCB4619837149C9143F2F8920C733832"
"server\tests\scan_limit_checks.cpp","2DE0CF1C625FA5105D8A9FC6F6EC34FD73372756CA7B940FD3EBE796E5E845FB"
"server\tests\server_stage_checks.py","291F5C870266592517CAE417E81F26F34702A3B4055EC6D79FBCF8543E3B4B9E"
"server\tests\snapshot_publish_checks.cpp","ED3539E23BAD88BE44C945CB8E170E5DD76A91C470365826422F3E9C5ACF5759"
"server\tests\wifi_change_ipc_checks.cpp","59EBC0ED9FD51CA2A6BA7E913928E78244977F3FF1CEC9244046B0027E45947E"
"server\tests\wifi_journal_checks.cpp","1D688DC83ECA890EF8B4C5BE62B3185573E92856A9F1E0A29277977F51ED24DD"
"server\tests\wifi_linux_platform_checks.cpp","4CBE2446315BA59B656E670AF61E14ECCF0B0F8934FC8742FEBECB40538FFC82"
"server\tests\wifi_managed_backend_checks.cpp","C9CE74F5C97A4A00D92D255BCE249DA84008338364C066B39743B5EE4FCB06FA"
"server\tests\wifi_policy_unit_check.py","0F5A66442F48D7672C4BB328FE881EBE81B67F93309AE9FA5F39AFB59E3C0C20"
"server\tests\wifi_preflight_process_checks.cpp","C9F10644FCDCC357C90E0B2EA790942F0A1F7388FD941D6F563A3EE851E833A0"
"server\tests\wifi_process_checks.cpp","1D3AB211964457F8D8693F64F836A7CB30B4C5A22D658B82E7BC3ACEF4ED8F43"
"server\tests\wifi_recovery_supervisor_checks.cpp","1682EFF6C73A26E022C7C04369D073EEDC11EA58F7CDC68E6D9ACF111D40EC24"
"server\tests\wifi_runtime_policy_checks.cpp","9312C1C6988A639F6E6D0600345B98BC966F9591D6DCA313F41D81DB534689D2"
"server\tests\wifi_socket_checks.cpp","95EDD54BC3CD52B443D7AC901B4FB4687FAD5E7DCAFA0A8A7B3C406104366481"
"server\tests\wifi_target_probe_checks.cpp","7F7ECD38BFB08FF7E7CFB2897415D129871CA0270461ACE3F0EE0B18D8B233EB"
"server\tools\netplan_preflight.py","6AB55EE47E5869C2027F6B3025587595E389645D0C3A50CB47A88445E96C8695"
"server\tools\recover_legacy_gost.py","2DFC8F6098D4968F5D6B238DC341A34AA6DC47011015B11096C6DCD6546FFA73"
